<?xml version="1.0" encoding="UTF-8"?>
<project-private xmlns="http://www.netbeans.org/ns/project-private/1">
    <editor-bookmarks xmlns="http://www.netbeans.org/ns/editor-bookmarks/2" lastBookmarkId="0"/>
    <open-files xmlns="http://www.netbeans.org/ns/projectui-open-files/2">
        <group>
            <file>file:/home/xerxesj/Projects/IME%20TECHNOLOGIES/Sorent/src/sorent/client/data/Login.java</file>
            <file>file:/home/xerxesj/Projects/IME%20TECHNOLOGIES/Sorent/src/sorent/client/RegLogin.java</file>
            <file>file:/home/xerxesj/Projects/IME%20TECHNOLOGIES/Sorent/src/sorent/PostData.java</file>
            <file>file:/home/xerxesj/Projects/IME%20TECHNOLOGIES/Sorent/src/sorent/Sorent.java</file>
            <file>file:/home/xerxesj/Projects/IME%20TECHNOLOGIES/Sorent/src/sorent/client/windows/LoginWindow.java</file>
            <file>file:/home/xerxesj/Projects/IME%20TECHNOLOGIES/Sorent/src/sorent/client/windows/RegistrationWindow.java</file>
            <file>file:/home/xerxesj/Projects/IME%20TECHNOLOGIES/Sorent/src/sorent/client/data/Registration.java</file>
            <file>file:/home/xerxesj/Projects/IME%20TECHNOLOGIES/Sorent/src/sorent/client/ClientPost.java</file>
            <file>file:/home/xerxesj/Projects/IME%20TECHNOLOGIES/Sorent/src/sorent/client/HttpsClientPost.java</file>
        </group>
    </open-files>
</project-private>
